player,nation,pos,age,mp,starts,min,gls,ast,pk,crdy,crdr,xg,xag,team
Brenden Aaronson,us USA,"MF,FW",25,29,23,1908,4,3,0,1,0,0.19,0.14,Leeds United
Zach Abbott,eng ENG,DF,19,2,1,120,0,0,0,0,0,0,0,Nottingham Forest
Tammy Abraham,eng ENG,FW,28,7,1,198,1,0,0,0,0,0.45,0,Aston Villa
Joshua Acheampong,eng ENG,DF,19,12,7,573,1,0,0,1,0,0.16,0,Chelsea
Tyler Adams,us USA,MF,27,18,18,1411,2,1,0,7,0,0.13,0.06,Bournemouth
Tosin Adarabioyo,eng ENG,DF,28,14,7,737,0,0,0,2,0,0,0,Chelsea
Simon Adingra,ci CIV,"MF,FW",24,14,9,653,1,0,0,2,0,0.14,0,Sunderland
Amine Adli,ma MAR,MF,25,26,9,968,3,1,0,2,0,0.28,0.09,Bournemouth
Emmanuel Agbadou,ci CIV,DF,28,14,12,1101,0,0,0,1,1,0,0,Wolves
Nayef Aguerd,ma MAR,DF,29,2,2,180,0,0,0,0,0,0,0,West Ham United
Ola Aina,ng NGA,DF,29,14,14,1230,0,0,0,3,0,0,0,Nottingham Forest
Rayan Aït-Nouri,dz ALG,DF,24,13,10,779,0,2,0,2,0,0,0.23,Manchester City
Kristoffer Ajer,no NOR,DF,27,24,18,1628,0,1,0,3,0,0,0.06,Brentford
Nathan Aké,nl NED,DF,31,14,4,495,0,0,0,1,0,0,0,Manchester City
Carlos Alcaraz,ar ARG,MF,23,16,6,675,0,1,0,3,0,0,0.13,Everton
Omar Alderete,py PAR,DF,29,26,25,2264,1,1,0,5,0,0.04,0.04,Sunderland
Alisson,br BRA,GK,33,25,25,2250,0,0,0,1,0,0,0,Liverpool
Max Alleyne,eng ENG,DF,20,2,2,135,0,0,0,0,0,0,0,Manchester City
Jaydon Amauri Banel,nl NED,"FW,MF",21,1,0,10,0,0,0,0,0,0,0,Burnley
Ethan Ampadu,wls WAL,MF,25,27,27,2399,1,1,0,7,0,0.04,0.04,Leeds United
Joachim Andersen,dk DEN,DF,29,27,27,2381,0,1,0,7,0,0,0.04,Fulham
Elliot Anderson,eng ENG,MF,23,30,30,2683,2,2,1,6,0,0.07,0.07,Nottingham Forest
André,br BRA,MF,24,28,23,2132,1,0,0,9,0,0.04,0,Wolves
Nilson Angulo,ec ECU,MF,22,5,3,256,0,0,0,0,0,0,0,Sunderland
Jaidon Anthony,eng ENG,MF,26,29,24,2024,7,1,0,4,0,0.31,0.04,Burnley
Alphonse Areola,fr FRA,GK,33,20,20,1800,0,1,0,0,0,0,0.05,West Ham United
Jhon Arias,co COL,"FW,MF",28,23,14,1124,1,0,0,1,0,0.08,0,Wolves
Adam Armstrong,eng ENG,"FW,MF",29,7,7,566,1,2,0,3,0,0.16,0.32,Wolves
Harrison Armstrong,eng ENG,MF,19,11,6,499,0,0,0,0,0,0,0,Everton
Tolu Arokodare,ng NGA,FW,25,27,12,1244,3,1,0,1,0,0.22,0.07,Wolves
Taiwo Awoniyi,ng NGA,FW,28,11,1,258,1,0,0,0,0,0.35,0,Nottingham Forest
Yasin Ayari,se SWE,MF,22,23,18,1718,3,2,0,1,0,0.16,0.1,Brighton
Benoît Badiashile,fr FRA,DF,24,8,6,471,0,0,0,2,0,0,0,Chelsea
Leon Bailey,jm JAM,MF,28,8,2,316,0,1,0,1,0,0,0.28,Aston Villa
Dilane Bakwa,fr FRA,MF,23,10,3,345,0,1,0,1,0,0,0.26,Nottingham Forest
Carlos Baleba,cm CMR,MF,22,24,19,1264,0,0,0,5,0,0,0,Brighton
Daniel Ballard,nir NIR,DF,26,26,22,2008,2,0,0,3,0,0.09,0,Sunderland
Ross Barkley,eng ENG,MF,32,13,1,336,2,0,0,0,0,0.54,0,Aston Villa
Ashley Barnes,eng ENG,"FW,MF",36,5,0,27,0,0,0,1,0,0,0,Burnley
Harvey Barnes,eng ENG,"FW,MF",28,29,16,1584,5,0,0,1,0,0.28,0,Newcastle United
Thierno Barry,fr FRA,FW,23,30,19,1630,6,0,0,3,0,0.33,0,Everton
Calvin Bassey,ng NGA,DF,26,22,20,1814,1,0,0,5,0,0.05,0,Fulham
Altay Bayındır,tr TUR,GK,27,6,6,540,0,0,0,0,0,0,0,Manchester Utd
Jean-Ricner Bellegarde,ht HAI,"MF,FW",27,22,13,1086,1,1,0,4,0,0.08,0.08,Wolves
Walter Benítez,ar ARG,GK,33,1,1,90,0,0,0,0,0,0,0,Crystal Palace
Rodrigo Bentancur,uy URU,MF,28,20,17,1410,1,1,0,5,0,0.06,0.06,Tottenham Hotspur
Sander Berge,no NOR,MF,28,30,29,2500,0,1,0,5,0,0,0.04,Fulham
Lucas Bergvall,se SWE,MF,20,17,10,805,1,2,0,2,0,0.11,0.22,Tottenham Hotspur
Beto,gw GNB,FW,28,30,11,1132,4,0,0,2,0,0.32,0,Everton
Jaka Bijol,si SVN,DF,27,17,13,1218,1,1,0,3,0,0.07,0.07,Leeds United
Yves Bissouma,ml MLI,MF,29,8,5,462,0,0,0,3,0,0,0,Tottenham Hotspur
Marco Bizot,nl NED,GK,35,5,4,405,0,0,0,2,0,0,0,Aston Villa
Oscar Bobb,no NOR,"MF,FW",22,9,5,468,0,1,0,1,0,0,0.19,Manchester City
Oscar Bobb,no NOR,MF,22,6,2,236,0,0,0,0,0,0,0,Fulham
Lamare Bogarde,nl NED,"MF,DF",22,24,8,807,0,0,0,5,0,0,0,Aston Villa
Jayden Bogle,eng ENG,"DF,MF",25,28,26,2312,1,1,0,5,0,0.04,0.04,Leeds United
Sebastiaan Bornauw,be BEL,DF,26,9,4,304,0,0,0,1,0,0,0,Leeds United
Olivier Boscagli,fr FRA,DF,28,8,5,442,0,1,0,2,0,0,0.2,Brighton
Sven Botman,nl NED,DF,26,17,13,1152,1,1,0,1,0,0.08,0.08,Newcastle United
Jarrod Bowen,eng ENG,"MF,FW",29,30,30,2687,8,6,1,4,0,0.27,0.2,West Ham United
Conor Bradley,nir NIR,DF,22,15,12,929,0,1,0,5,0,0,0.1,Liverpool
Jarrad Branthwaite,eng ENG,DF,23,7,5,491,1,0,0,1,0,0.18,0,Everton
Brian Brobbey,nl NED,FW,24,23,14,1279,5,1,0,3,0,0.35,0.07,Sunderland
Armando Broja,al ALB,FW,24,20,8,819,1,1,0,0,0,0.11,0.11,Burnley
David Brooks,wls WAL,MF,28,24,12,1033,1,2,0,7,0,0.09,0.17,Bournemouth
Jacob Bruun Larsen,dk DEN,"MF,FW",27,23,10,972,0,1,0,0,0,0,0.09,Burnley
Emi Buendía,ar ARG,MF,29,28,18,1437,5,2,0,6,0,0.31,0.13,Aston Villa
Hugo Bueno,es ESP,"MF,DF",23,28,21,1952,1,1,0,1,0,0.05,0.05,Wolves
Santiago Bueno,uy URU,DF,27,22,21,1923,2,1,0,4,0,0.09,0.05,Wolves
Facundo Buonanotte,ar ARG,MF,21,1,1,45,0,0,0,0,0,0,0,Chelsea
Facundo Buonanotte,ar ARG,MF,21,2,0,26,0,0,0,1,0,0,0,Leeds United
Dan Burn,eng ENG,DF,33,22,20,1723,0,2,0,9,1,0,0.1,Newcastle United
Bradley Burrowes,eng ENG,MF,18,1,0,17,0,0,0,0,0,0,0,Aston Villa
Jun'ai Byfield,eng ENG,DF,17,1,0,1,0,0,0,0,0,0,0,Tottenham Hotspur
Sam Byram,eng ENG,"DF,MF",32,1,0,8,0,0,0,0,0,0,0,Leeds United
Moisés Caicedo,ec ECU,MF,24,25,24,2104,3,1,0,9,1,0.13,0.04,Chelsea
Tom Cairney,sct SCO,MF,35,20,4,562,1,0,0,3,0,0.16,0,Fulham
Riccardo Calafiori,it ITA,DF,23,22,18,1448,1,2,0,5,0,0.06,0.12,Arsenal
Dominic Calvert-Lewin,eng ENG,FW,29,27,22,2025,10,1,2,1,0,0.44,0.04,Leeds United
Jaydee Canvot,fr FRA,DF,19,13,7,706,0,0,0,2,0,0,0,Crystal Palace
Fabio Carvalho,pt POR,MF,23,6,1,102,1,0,0,0,0,0.88,0,Brentford
Casemiro,br BRA,MF,34,28,27,2050,7,2,0,9,1,0.31,0.09,Manchester Utd
Matty Cash,pl POL,DF,28,27,27,2351,3,2,0,7,0,0.11,0.08,Aston Villa
Timothy Castagne,be BEL,"DF,MF",30,22,12,1133,0,0,0,3,0,0,0,Fulham
Valentín Castellanos,ar ARG,FW,27,10,10,815,2,0,0,2,0,0.22,0,West Ham United
Trevoh Chalobah,eng ENG,DF,26,29,29,2550,3,0,0,3,1,0.11,0,Chelsea
Rayan Cherki,fr FRA,MF,22,25,14,1308,3,8,0,1,0,0.21,0.55,Manchester City
Federico Chiesa,it ITA,MF,28,22,1,282,2,1,0,2,0,0.64,0.32,Liverpool
Tawanda Chirewa,zw ZIM,MF,22,2,0,27,0,0,0,0,0,0,0,Wolves
Ryan Christie,sct SCO,MF,31,20,4,655,1,0,0,2,0,0.14,0,Bournemouth
Samuel Chukwueze,ng NGA,MF,26,16,7,779,3,4,0,0,0,0.35,0.46,Fulham
Dennis Cirkin,eng ENG,DF,23,7,3,304,0,0,0,1,0,0,0,Sunderland
Nathaniel Clyne,eng ENG,MF,34,8,6,495,0,1,0,1,0,0,0.18,Crystal Palace
Séamus Coleman,ie IRL,DF,37,3,1,11,0,0,0,0,0,0,0,Everton
Nathan Collins,ie IRL,DF,24,27,24,2255,1,2,0,5,0,0.04,0.08,Brentford
Lewis Cook,eng ENG,"MF,DF",29,16,8,872,0,1,0,1,1,0,0.1,Bournemouth
Diego Coppola,it ITA,DF,22,5,2,194,0,0,0,2,0,0,0,Brighton
Marc Cucurella,es ESP,DF,27,26,23,1987,1,3,0,5,1,0.05,0.14,Chelsea
Jorge Cuenca,es ESP,DF,26,14,11,933,0,0,0,5,0,0,0,Fulham
Josh Cullen,ie IRL,MF,29,18,18,1514,2,2,0,2,0,0.12,0.12,Burnley
Jair Cunha,br BRA,DF,21,3,2,215,0,0,0,0,0,0,0,Nottingham Forest
Matheus Cunha,br BRA,"MF,FW",26,27,23,1988,7,2,0,1,0,0.32,0.09,Manchester Utd
Diogo Dalot,pt POR,"MF,DF",27,28,24,2143,1,3,0,5,0,0.04,0.13,Manchester Utd
Mikkel Damsgaard,dk DEN,MF,25,26,18,1575,3,4,0,0,0,0.17,0.23,Brentford
Kevin Danso,at AUT,DF,27,16,10,843,0,0,0,4,0,0,0,Tottenham Hotspur
Karl Darlow,wls WAL,GK,35,14,14,1260,0,0,0,1,0,0,0,Leeds United
Ben Davies,wls WAL,DF,32,3,2,137,1,0,0,1,0,0.66,0,Tottenham Hotspur
Maxim De Cuyper,be BEL,"DF,MF",25,24,14,1152,2,0,0,2,0,0.16,0,Brighton
Liam Delap,eng ENG,FW,23,21,9,783,1,0,0,2,0,0.11,0,Chelsea
Sepp van den Berg,nl NED,DF,24,25,24,2214,0,1,0,1,0,0,0.04,Brentford
Justin Devenny,nir NIR,"MF,FW",22,18,5,603,1,0,1,0,0,0.15,0,Crystal Palace
Kiernan Dewsbury-Hall,eng ENG,MF,27,23,22,1917,6,3,0,6,0,0.28,0.14,Everton
Bafodé Diakité,fr FRA,DF,25,18,15,1277,0,0,0,1,0,0,0,Bournemouth
Amad Diallo,ci CIV,MF,23,24,21,1828,2,2,0,2,0,0.1,0.1,Manchester Utd
Habib Diarra,sn SEN,MF,22,13,11,1014,2,0,1,4,0,0.18,0,Sunderland
Rúben Dias,pt POR,DF,28,25,23,2051,2,0,0,3,0,0.09,0,Manchester City
Tyler Dibling,eng ENG,MF,20,14,4,358,0,0,0,2,0,0,0,Everton
Lucas Digne,fr FRA,DF,32,25,17,1467,0,4,0,3,0,0,0.25,Aston Villa
Issa Diop,fr FRA,DF,29,10,6,596,0,0,0,2,0,0,0,Fulham
El Hadji Malick Diouf,sn SEN,"DF,MF",21,24,22,2004,0,5,0,4,0,0,0.22,West Ham United
Axel Disasi,fr FRA,DF,28,6,6,540,0,0,0,0,0,0,0,West Ham United
Matt Doherty,ie IRL,"DF,MF",34,10,10,702,0,0,0,4,0,0,0,Wolves
Jeremy Doku,be BEL,"MF,FW",23,22,13,1231,1,4,0,0,0,0.07,0.29,Manchester City
Nicolás Domínguez,ar ARG,MF,27,19,14,934,1,0,0,2,0,0.1,0,Nottingham Forest
Gianluigi Donnarumma,it ITA,GK,27,27,27,2430,0,0,0,6,0,0,0,Manchester City
Romelle Donovan,eng ENG,FW,19,4,0,41,0,0,0,0,0,0,0,Brentford
Patrick Dorgu,dk DEN,MF,21,22,14,1335,3,3,0,5,0,0.2,0.2,Manchester Utd
Max Dowman,eng ENG,MF,16,3,0,46,1,0,0,0,0,1.96,0,Arsenal
Radu Drăgușin,ro ROU,DF,24,8,5,515,0,0,0,0,0,0,0,Tottenham Hotspur
Joél Drakes-Thomas,eng ENG,MF,16,2,0,9,0,0,0,0,0,0,0,Crystal Palace
Martin Dúbravka,sk SVK,GK,37,30,30,2700,0,0,0,1,0,0,0,Burnley
Lewis Dunk,eng ENG,DF,34,28,27,2475,0,0,0,9,0,0,0,Brighton
George Earthy,eng ENG,MF,21,1,0,9,0,0,0,0,0,0,0,West Ham United
Odsonne Édouard,fr FRA,FW,28,1,0,3,0,0,0,0,0,0,0,Crystal Palace
Tom Edozie,eng ENG,MF,19,1,0,7,1,0,0,0,0,12.86,0,Wolves
Alysson Edward,br BRA,MF,19,3,0,49,0,0,0,0,0,0,0,Aston Villa
Marcus Edwards,eng ENG,"MF,FW",27,18,9,897,1,3,0,0,0,0.1,0.3,Burnley
Hjalmar Ekdal,se SWE,DF,27,15,13,1179,0,0,0,0,0,0,0,Burnley
Hugo Ekitike,fr FRA,FW,23,27,20,1796,11,4,0,0,0,0.55,0.2,Liverpool
Anthony Elanga,se SWE,FW,23,26,12,1157,0,1,0,0,0,0,0.08,Newcastle United
Melker Ellborg,se SWE,GK,22,2,2,180,0,0,0,0,0,0,0,Sunderland
Harvey Elliott,eng ENG,MF,22,4,1,112,0,0,0,0,0,0,0,Aston Villa
Harvey Elliott,eng ENG,"FW,MF",22,1,0,1,0,0,0,0,0,0,0,Liverpool
Wataru Endo,jp JPN,DF,33,8,1,175,0,1,0,1,0,0,0.51,Liverpool
Romain Esse,eng ENG,MF,20,4,0,44,0,0,0,0,0,0,0,Crystal Palace
Maxime Estève,fr FRA,DF,23,27,27,2311,0,0,0,0,0,0,0,Burnley
Evanilson,br BRA,FW,26,28,24,2104,6,0,0,1,0,0.26,0,Bournemouth
Eberechi Eze,eng ENG,"MF,FW",27,25,16,1419,6,2,0,1,0,0.38,0.13,Arsenal
Eberechi Eze,eng ENG,MF,27,1,1,83,0,0,0,0,0,0,0,Crystal Palace
Bruno Fernandes,pt POR,MF,31,27,27,2344,7,16,3,3,0,0.27,0.61,Manchester Utd
Mateus Fernandes,pt POR,MF,21,28,27,2302,3,3,0,6,0,0.12,0.12,West Ham United
Enzo Fernández,ar ARG,MF,25,29,28,2488,8,3,2,8,0,0.29,0.11,Chelsea
Zian Flemming,nl NED,FW,27,21,13,1099,7,0,2,3,0,0.57,0,Burnley
Jack Fletcher,eng ENG,MF,18,3,0,108,0,0,0,0,0,0,0,Manchester Utd
Tyler Fletcher,sct SCO,MF,18,1,0,1,0,0,0,0,0,0,0,Manchester Utd
Phil Foden,eng ENG,MF,25,26,21,1811,7,3,0,4,0,0.35,0.15,Manchester City
Wesley Fofana,fr FRA,DF,25,18,13,1186,0,1,0,5,1,0,0.08,Chelsea
Lyle Foster,za RSA,"FW,MF",25,22,14,1226,3,1,0,4,0,0.22,0.07,Burnley
Tyler Fredricson,eng ENG,DF,21,1,0,3,0,0,0,0,0,0,0,Manchester Utd
Jeremie Frimpong,nl NED,"DF,MF",25,14,8,690,0,1,0,0,0,0,0.13,Liverpool
Niclas Füllkrug,de GER,FW,33,8,5,409,0,0,0,0,0,0,0,West Ham United
Cody Gakpo,nl NED,"MF,FW",26,28,24,2055,6,3,0,2,0,0.26,0.13,Liverpool
Conor Gallagher,eng ENG,MF,26,8,7,578,0,1,0,0,0,0,0.16,Tottenham Hotspur
Idrissa Gana Gueye,sn SEN,MF,36,21,21,1755,2,1,0,1,1,0.1,0.05,Everton
Ben Gannon-Doak,sct SCO,MF,20,4,0,57,0,1,0,0,0,0,1.58,Bournemouth
Andrés García,es ESP,DF,23,4,0,40,0,0,0,0,0,0,0,Aston Villa
Alejandro Garnacho,ar ARG,MF,21,19,14,1077,1,4,0,1,0,0.08,0.33,Chelsea
James Garner,eng ENG,"MF,DF",25,30,30,2693,2,5,0,7,0,0.07,0.17,Everton
Lutsharel Geertruida,nl NED,"DF,MF",25,24,13,1333,0,0,0,0,0,0,0,Sunderland
Tyrique George,eng ENG,FW,20,4,0,145,0,0,0,2,0,0,0,Chelsea
Tyrique George,eng ENG,MF,20,5,1,106,0,0,0,0,0,0,0,Everton
Morgan Gibbs-White,eng ENG,"MF,FW",26,30,29,2548,8,2,1,1,0,0.28,0.07,Nottingham Forest
Jamie Gittens,eng ENG,MF,21,16,5,495,0,2,0,0,0,0,0.36,Chelsea
Wilfried Gnonto,it ITA,FW,22,16,4,387,0,1,0,3,0,0,0.23,Leeds United
Angel Gomes,eng ENG,"MF,FW",25,7,4,284,0,0,0,1,0,0,0,Wolves
João Gomes,br BRA,MF,25,29,26,2297,1,1,0,9,0,0.04,0.04,Wolves
Rodrigo Gomes,pt POR,"MF,FW",22,15,6,602,3,0,0,0,0,0.45,0,Wolves
Toti Gomes,pt POR,DF,27,14,13,1039,0,0,0,2,1,0,0,Wolves
Diego Gómez,py PAR,"MF,FW",22,27,22,1841,5,0,0,8,0,0.24,0,Brighton
Joe Gomez,eng ENG,DF,28,16,6,500,0,2,0,2,0,0,0.36,Liverpool
Nicolás González,es ESP,MF,24,21,15,1376,1,0,0,6,0,0.07,0,Manchester City
Anthony Gordon,eng ENG,FW,25,24,22,1637,5,2,3,3,1,0.27,0.11,Newcastle United
Ryan Gravenberch,nl NED,MF,23,28,28,2428,4,3,0,5,0,0.15,0.11,Liverpool
Archie Gray,eng ENG,"MF,DF",20,20,16,1291,2,2,0,5,0,0.14,0.14,Tottenham Hotspur
Jack Grealish,eng ENG,MF,30,20,18,1627,2,6,0,5,1,0.11,0.33,Everton
Pascal Groß,de GER,MF,34,11,10,916,1,1,0,2,0,0.1,0.1,Brighton
Brajan Gruda,de GER,MF,21,18,8,719,1,1,0,2,0,0.13,0.13,Brighton
Ilia Gruev,bg BUL,MF,25,21,15,1293,0,3,0,3,0,0,0.21,Leeds United
Gabriel Gudmundsson,se SWE,"DF,MF",26,29,28,2362,0,0,0,6,1,0,0,Leeds United
Marc Guéhi,eng ENG,DF,25,20,20,1800,2,2,0,4,0,0.1,0.1,Crystal Palace
Marc Guéhi,eng ENG,DF,25,8,8,720,0,0,0,1,0,0,0,Manchester City
Evann Guessand,ci CIV,MF,24,13,6,588,0,1,0,0,0,0,0.15,Aston Villa
Evann Guessand,ci CIV,MF,24,6,3,300,1,1,0,0,0,0.3,0.3,Crystal Palace
Luis Guilherme,br BRA,FW,20,5,1,125,0,0,0,0,0,0,0,West Ham United
Bruno Guimarães,br BRA,MF,28,23,22,2017,9,4,2,5,0,0.4,0.18,Newcastle United
Marc Guiu,es ESP,FW,20,2,0,15,0,0,0,0,0,0,0,Sunderland
Marc Guiu,es ESP,FW,20,7,1,238,0,1,0,1,0,0,0.38,Chelsea
Angus Gunn,sct SCO,GK,30,1,0,45,0,0,0,0,0,0,0,Nottingham Forest
Malo Gusto,fr FRA,"DF,MF",22,27,19,1696,2,3,0,4,1,0.11,0.16,Chelsea
Joško Gvardiol,hr CRO,DF,24,16,15,1302,2,2,0,2,0,0.14,0.14,Manchester City
Viktor Gyökeres,se SWE,FW,27,29,23,1892,11,0,2,4,0,0.52,0,Arsenal
Erling Haaland,no NOR,FW,25,29,28,2413,22,7,3,1,0,0.82,0.26,Manchester City
Lewis Hall,eng ENG,DF,21,23,18,1663,1,1,0,3,0,0.05,0.05,Newcastle United
Jack Harrison,eng ENG,FW,29,11,1,269,0,0,0,0,0,0,0,Leeds United
Quilindschy Hartman,nl NED,DF,24,16,16,1410,0,4,0,1,0,0,0.26,Burnley
Jorrel Hato,nl NED,DF,20,15,5,557,0,0,0,4,0,0,0,Chelsea
Kai Havertz,de GER,"MF,FW",26,6,3,264,0,1,0,0,0,0,0.34,Arsenal
Ayden Heaven,eng ENG,DF,19,13,8,645,0,1,0,2,0,0,0.14,Manchester Utd
Jan Paul van Hecke,nl NED,DF,25,28,28,2490,3,2,0,7,0,0.11,0.07,Brighton
Hwang Hee-chan,kr KOR,"FW,MF",30,20,15,1149,2,1,1,3,0,0.16,0.08,Wolves
George Hemmings,eng ENG,MF,19,2,0,27,0,0,0,0,0,0,0,Aston Villa
Dean Henderson,eng ENG,GK,29,29,29,2610,0,0,0,3,0,0,0,Crystal Palace
Jordan Henderson,eng ENG,MF,35,28,20,1730,1,3,0,4,0,0.05,0.16,Brentford
Rico Henry,jm JAM,DF,28,25,14,1328,0,1,0,2,0,0,0.07,Brentford
Mads Hermansen,dk DEN,GK,25,10,10,900,0,0,0,0,0,0,0,West Ham United
Aaron Hickey,sct SCO,DF,23,18,7,599,0,0,0,1,0,0,0,Brentford
James Hill,eng ENG,DF,24,21,14,1386,0,3,0,2,0,0,0.19,Bournemouth
Piero Hincapié,ec ECU,DF,24,21,17,1503,1,2,0,2,0,0.06,0.12,Arsenal
Jack Hinshelwood,eng ENG,MF,20,19,12,1094,1,2,0,0,0,0.08,0.16,Brighton
Ki-Jana Hoever,nl NED,"MF,DF",24,8,6,425,0,0,0,0,0,0,0,Wolves
Harry Howell,eng ENG,MF,17,3,1,94,0,0,0,0,0,0,0,Brighton
Callum Hudson-Odoi,eng ENG,MF,25,28,19,1682,3,2,0,0,0,0.16,0.11,Nottingham Forest
Will Hughes,eng ENG,MF,30,27,15,1301,0,0,0,7,0,0,0,Crystal Palace
Trai Hume,nir NIR,"DF,MF",24,30,28,2491,0,1,0,7,0,0,0.04,Sunderland
Bashir Humphreys,eng ENG,"DF,MF",23,14,12,1152,0,0,0,5,0,0,0,Burnley
Omari Hutchinson,eng ENG,MF,22,23,11,1208,1,3,0,0,0,0.07,0.22,Nottingham Forest
Igor,br BRA,DF,28,4,1,105,0,0,0,0,0,0,0,West Ham United
Tim Iroegbunam,eng ENG,MF,22,22,13,1108,0,2,0,8,0,0,0.16,Everton
Andy Irving,sct SCO,MF,25,7,2,158,0,0,0,0,0,0,0,West Ham United
Alexander Isak,se SWE,FW,26,10,6,504,2,1,0,0,0,0.36,0.18,Liverpool
Wilson Isidor,fr FRA,FW,25,26,11,1068,4,0,0,1,0,0.34,0,Sunderland
Alex Iwobi,ng NGA,MF,29,24,24,2041,4,3,0,2,0,0.18,0.13,Fulham
Daniel James,wls WAL,FW,28,14,4,408,0,0,0,0,0,0,0,Leeds United
Reece James,eng ENG,"DF,MF",26,27,20,1896,2,4,0,4,0,0.09,0.19,Chelsea
Vitaly Janelt,de GER,MF,27,22,13,1261,1,4,0,7,0,0.07,0.29,Brentford
Mathias Jensen,dk DEN,MF,30,28,18,1563,2,1,0,3,0,0.12,0.06,Brentford
Gabriel Jesus,br BRA,FW,28,11,2,313,2,0,0,2,0,0.58,0,Arsenal
Igor Jesus,br BRA,FW,25,29,21,1730,2,3,0,0,0,0.1,0.16,Nottingham Forest
Álex Jiménez,es ESP,"DF,MF",20,26,21,1886,1,0,0,8,0,0.05,0,Bournemouth
Raúl Jiménez,mx MEX,FW,34,29,25,1965,8,3,3,5,0,0.37,0.14,Fulham
Jamaldeen Jimoh,eng ENG,MF,19,1,0,9,0,0,0,0,0,0,0,Aston Villa
João Pedro,br BRA,"FW,MF",24,30,26,2234,14,5,0,4,0,0.56,0.2,Chelsea
Joelinton,br BRA,MF,29,23,19,1598,2,1,0,8,0,0.11,0.06,Newcastle United
John,br BRA,GK,30,5,5,437,0,0,0,1,0,0,0,Nottingham Forest
Brennan Johnson,wls WAL,"MF,FW",24,16,6,610,2,0,0,2,0,0.3,0,Tottenham Hotspur
Brennan Johnson,wls WAL,MF,24,11,7,626,0,1,0,3,0,0,0.14,Crystal Palace
Sam Johnstone,eng ENG,GK,32,12,12,1080,0,0,0,0,0,0,0,Wolves
Curtis Jones,eng ENG,MF,25,26,11,1273,0,1,0,1,0,0,0.07,Liverpool
Eli Junior Kroupi,fr FRA,"MF,FW",19,25,14,1140,8,0,0,3,0,0.63,0,Bournemouth
Hamed Junior Traorè,ci CIV,MF,26,1,0,17,0,1,0,0,0,0,5.29,Bournemouth
James Justin,eng ENG,"DF,MF",28,21,13,1181,1,1,0,2,0,0.08,0.08,Leeds United
Filip Jørgensen,dk DEN,GK,23,3,2,264,0,0,0,0,0,0,0,Chelsea
Ferdi Kadioglu,tr TUR,"DF,MF",26,29,26,2413,0,0,0,6,0,0,0,Brighton
Sasa Kalajdzic,at AUT,"FW,MF",28,1,0,15,0,0,0,0,0,0,0,Wolves
Arnaud Kalimuendo,fr FRA,FW,24,9,0,96,0,0,0,0,0,0,0,Nottingham Forest
Daichi Kamada,jp JPN,MF,29,20,17,1479,0,0,0,2,0,0,0,Crystal Palace
Boubacar Kamara,fr FRA,MF,26,18,17,1411,1,3,0,5,0,0.06,0.19,Aston Villa
Mohamadou Kanté,fr FRA,MF,20,7,0,29,0,0,0,1,0,0,0,West Ham United
Michael Kayode,it ITA,DF,21,29,29,2538,1,0,0,6,0,0.04,0,Brentford
Michael Keane,eng ENG,DF,33,26,23,2047,3,0,0,0,1,0.13,0,Everton
Caoimhín Kelleher,ie IRL,GK,27,29,29,2610,0,0,0,1,0,0,0,Brentford
Milos Kerkez,hu HUN,DF,22,27,24,1953,1,1,0,4,0,0.05,0.05,Liverpool
Kevin,br BRA,MF,23,23,8,908,1,1,0,1,0,0.1,0.1,Fulham
Abdukodir Khusanov,uz UZB,DF,22,15,9,892,0,0,0,2,0,0,0,Manchester City
Max Kilman,eng ENG,DF,28,21,17,1561,0,0,0,4,0,0,0,West Ham United
Joshua King,eng ENG,MF,19,24,13,1058,0,1,0,3,0,0,0.09,Fulham
Justin Kluivert,nl NED,MF,26,18,10,919,2,0,0,4,0,0.2,0,Bournemouth
Joe Knight,eng ENG,MF,20,1,0,1,0,0,0,0,0,0,0,Brighton
Randal Kolo Muani,fr FRA,"FW,MF",27,22,15,1207,1,1,0,2,0,0.07,0.07,Tottenham Hotspur
Ibrahima Konaté,fr FRA,DF,26,28,28,2404,1,0,0,5,0,0.04,0,Liverpool
Ezri Konsa,eng ENG,DF,28,29,29,2585,0,0,0,0,1,0,0,Aston Villa
Charalampos Kostoulas,gr GRE,FW,18,16,2,305,2,1,0,2,0,0.59,0.3,Brighton
Mateo Kovačić,hr CRO,MF,31,1,0,5,0,0,0,0,0,0,0,Manchester City
Emil Krafth,se SWE,DF,31,1,1,45,0,0,0,0,0,0,0,Newcastle United
Ladislav Krejčí,cz CZE,"DF,MF",26,24,23,2037,2,1,0,5,1,0.09,0.04,Wolves
Mohammed Kudus,gh GHA,"MF,FW",25,19,19,1535,2,5,0,3,0,0.12,0.29,Tottenham Hotspur
Jonah Kusi-Asare,se SWE,FW,18,5,0,34,0,0,0,1,0,0,0,Fulham
Shea Lacey,eng ENG,FW,18,2,0,14,0,0,0,0,0,0,0,Manchester Utd
Maxence Lacroix,fr FRA,DF,25,28,28,2485,1,2,0,3,1,0.04,0.07,Crystal Palace
Senne Lammens,be BEL,GK,23,24,24,2160,0,0,0,0,0,0,0,Manchester Utd
Jamaal Lascelles,eng ENG,DF,32,2,0,21,0,0,0,0,0,0,0,Newcastle United
Josh Laurent,eng ENG,"DF,MF",30,27,15,1496,1,0,0,6,0,0.06,0,Burnley
Roméo Lavia,be BEL,MF,22,7,1,170,0,0,0,0,0,0,0,Chelsea
Enzo Le Fée,fr FRA,"MF,FW",26,28,26,2295,4,4,3,5,0,0.16,0.16,Sunderland
Bernd Leno,de GER,GK,34,30,30,2700,0,0,0,3,0,0,0,Fulham
Jefferson Lerma,co COL,"MF,DF",31,24,13,1255,0,2,0,6,0,0,0.14,Crystal Palace
Rico Lewis,eng ENG,DF,21,10,3,317,0,1,0,1,0,0,0.28,Manchester City
Keane Lewis-Potter,eng ENG,"MF,DF",25,28,14,1255,3,2,0,1,0,0.22,0.14,Brentford
Myles Lewis-Skelly,eng ENG,DF,19,14,1,321,0,0,0,3,0,0,0,Arsenal
Matthijs de Ligt,nl NED,DF,26,13,13,1170,1,0,0,0,0,0.08,0,Manchester Utd
Pedro Lima,br BRA,DF,19,3,0,4,0,0,0,0,0,0,0,Wolves
Victor Lindelöf,se SWE,DF,31,12,6,578,0,1,0,0,0,0,0.16,Aston Villa
Valentino Livramento,eng ENG,DF,23,14,12,1139,0,1,0,1,0,0,0.08,Newcastle United
Sean Longstaff,eng ENG,MF,28,17,10,947,1,2,0,2,0,0.1,0.19,Leeds United
Fer López,es ESP,MF,21,9,2,235,0,1,0,1,0,0,0.38,Wolves
Lucas,br BRA,"MF,DF",24,15,12,1104,0,0,0,0,1,0,0,Burnley
Lorenzo Lucca,it ITA,FW,25,3,1,121,1,0,0,0,0,0.74,0,Nottingham Forest
Florentino Luís,pt POR,MF,26,24,20,1654,0,2,0,4,0,0,0.11,Burnley
Douglas Luiz,br BRA,MF,27,7,6,465,1,0,0,0,0,0.19,0,Aston Villa
Douglas Luiz,br BRA,MF,27,8,5,315,0,0,0,2,0,0,0,Nottingham Forest
Saša Lukić,rs SRB,MF,29,20,15,1239,1,2,0,6,0,0.07,0.15,Fulham
Ian Maatsen,nl NED,DF,24,24,13,1264,0,0,0,2,0,0,0,Aston Villa
Alexis Mac Allister,ar ARG,MF,27,29,25,2089,2,2,0,4,0,0.09,0.09,Liverpool
Noni Madueke,eng ENG,"FW,MF",24,20,12,895,2,1,0,0,0,0.2,0.1,Arsenal
Gabriel Magalhães,br BRA,DF,28,25,24,2166,3,4,0,3,0,0.12,0.17,Arsenal
Soungoutou Magassa,fr FRA,MF,22,19,11,964,1,0,0,4,0,0.09,0,West Ham United
Harry Maguire,eng ENG,DF,33,17,13,1126,1,1,0,3,0,0.08,0.08,Manchester Utd
Kobbie Mainoo,eng ENG,MF,20,21,9,1032,0,2,0,0,0,0,0.17,Manchester Utd
Tyrell Malacia,nl NED,DF,26,2,0,9,0,0,0,0,0,0,0,Manchester Utd
Donyell Malen,nl NED,"FW,MF",27,21,5,656,4,1,0,0,0,0.55,0.14,Aston Villa
Giorgi Mamardashvili,ge GEO,GK,25,5,5,450,0,0,0,0,0,0,0,Liverpool
Reinildo Mandava,mz MOZ,DF,32,17,17,1427,0,1,0,6,1,0,0.06,Sunderland
Mateus Mane,pt POR,MF,18,20,14,1286,2,1,0,0,0,0.14,0.07,Wolves
Bendito Mantato,eng ENG,MF,18,1,0,16,0,0,0,0,0,0,0,Manchester Utd
Solly March,eng ENG,MF,31,1,0,5,0,0,0,0,0,0,0,Brighton
Omar Marmoush,eg EGY,"FW,MF",27,17,7,572,1,3,0,2,0,0.16,0.47,Manchester City
Callum Marshall,nir NIR,FW,21,2,0,60,0,0,0,0,0,0,0,West Ham United
Gabriel Martinelli,br BRA,"FW,MF",24,25,9,854,1,3,0,2,0,0.11,0.32,Arsenal
Emiliano Martínez,ar ARG,GK,33,26,26,2295,0,0,0,2,0,0,0,Aston Villa
Lisandro Martínez,ar ARG,DF,28,14,9,908,0,0,0,0,0,0,0,Manchester Utd
Arthur Masuaku,cd COD,DF,32,3,2,126,0,0,0,1,0,0,0,Sunderland
Pape Matar Sarr,sn SEN,MF,23,21,12,1237,2,3,0,2,0,0.15,0.22,Tottenham Hotspur
Jean-Philippe Mateta,fr FRA,FW,28,24,23,1935,8,0,3,2,0,0.37,0,Crystal Palace
Konstantinos Mavropanos,gr GRE,DF,28,23,19,1814,1,0,0,2,0,0.05,0,West Ham United
Eliezer Mayenda,es ESP,"FW,MF",20,18,8,757,2,0,0,0,0,0.24,0,Sunderland
Ezra Mayers,bb BRB,DF,19,6,0,117,0,0,0,0,0,0,0,West Ham United
Noussair Mazraoui,ma MAR,"MF,DF",28,15,7,618,0,0,0,3,0,0,0,Manchester Utd
Bryan Mbeumo,cm CMR,"MF,FW",26,25,25,2117,9,3,0,4,0,0.38,0.13,Manchester Utd
James Mcatee,eng ENG,MF,23,9,1,179,0,0,0,1,0,0,0,Nottingham Forest
John McGinn,sct SCO,MF,31,23,22,1651,3,2,0,3,0,0.16,0.11,Aston Villa
Dwight McNeil,eng ENG,"MF,FW",26,17,10,872,0,1,0,1,0,0,0.1,Everton
Hannibal Mejbri,tn TUN,MF,23,22,11,973,1,3,0,7,0,0.09,0.28,Burnley
Mikel Merino,es ESP,"MF,FW",29,21,10,1007,4,3,0,1,0,0.36,0.27,Arsenal
Antoni Milambo,nl NED,MF,20,1,1,45,0,0,0,0,0,0,0,Brentford
Nikola Milenković,rs SRB,DF,28,30,30,2700,0,0,0,6,0,0,0,Nottingham Forest
Lewis Miley,eng ENG,"MF,DF",19,19,11,1136,1,3,0,0,0,0.08,0.24,Newcastle United
James Milner,eng ENG,MF,40,18,5,651,1,1,1,2,0,0.14,0.14,Brighton
Veljko Milosavljević,rs SRB,DF,18,7,4,368,0,0,0,0,0,0,0,Bournemouth
Tyrone Mings,eng ENG,DF,33,13,11,964,0,0,0,0,0,0,0,Aston Villa
Yankuba Minteh,gm GAM,MF,21,26,19,1757,2,4,0,1,0,0.1,0.2,Brighton
Tyrick Mitchell,eng ENG,MF,26,30,30,2667,1,1,0,5,0,0.03,0.03,Crystal Palace
Kaoru Mitoma,jp JPN,"MF,FW",28,19,16,1411,2,1,0,3,0,0.13,0.06,Brighton
Morato,br BRA,DF,24,15,10,941,0,0,0,4,0,0,0,Nottingham Forest
Cristhian Mosquera,es ESP,DF,21,14,6,673,0,0,0,2,0,0,0,Arsenal
Yerson Mosquera,co COL,DF,24,22,19,1706,0,0,0,10,0,0,0,Wolves
Mason Mount,eng ENG,MF,27,17,10,816,3,0,0,0,0,0.33,0,Manchester Utd
Divine Mukasa,eng ENG,MF,18,2,0,27,0,0,0,0,0,0,0,Manchester City
Nordi Mukiele,fr FRA,DF,28,25,25,2163,1,3,0,4,0,0.04,0.12,Sunderland
Romaine Mundle,eng ENG,MF,22,14,2,411,0,0,0,1,0,0,0,Sunderland
Marshall Munetsi,zw ZIM,"MF,FW",29,13,9,875,1,1,0,2,0,0.1,0.1,Wolves
Rodrigo Muniz,br BRA,FW,24,13,4,504,1,1,0,1,0,0.18,0.18,Fulham
Daniel Muñoz,co COL,MF,29,21,21,1778,3,2,0,5,0,0.15,0.1,Crystal Palace
Murillo,br BRA,DF,23,22,22,1909,1,0,0,4,0,0.05,0,Nottingham Forest
Alex Murphy,ie IRL,DF,21,1,0,2,0,0,0,0,0,0,0,Newcastle United
Jacob Murphy,eng ENG,"FW,MF",31,25,14,1220,3,1,0,1,0,0.22,0.07,Newcastle United
Vitaliy Mykolenko,ua UKR,DF,26,25,25,2238,0,1,0,5,0,0,0.04,Everton
David Møller Wolfe,no NOR,"MF,DF",23,18,9,846,0,2,0,1,0,0,0.21,Wolves
Iliman Ndiaye,sn SEN,MF,26,24,24,2060,5,3,2,2,0,0.22,0.13,Everton
Dan Ndoye,ch SUI,MF,25,22,14,1160,1,1,0,1,0,0.08,0.08,Nottingham Forest
Dan Neil,eng ENG,MF,24,3,0,14,0,0,0,0,0,0,0,Sunderland
Reiss Nelson,eng ENG,"FW,MF",26,7,0,61,0,0,0,0,0,0,0,Brentford
Pedro Neto,pt POR,MF,26,28,24,2140,5,4,0,4,1,0.21,0.17,Chelsea
Luca Netz,de GER,"DF,MF",22,2,0,50,0,0,0,0,0,0,0,Nottingham Forest
Rio Ngumoha,eng ENG,MF,17,12,1,201,1,0,0,0,0,0.45,0,Liverpool
Eddie Nketiah,eng ENG,MF,26,12,2,424,2,0,0,2,0,0.42,0,Crystal Palace
Lukas Nmecha,de GER,FW,27,24,8,812,6,1,2,0,0,0.67,0.11,Leeds United
Matheus Nunes,pt POR,DF,27,27,25,2265,1,4,0,4,0,0.04,0.16,Manchester City
Ethan Nwaneri,eng ENG,MF,18,6,0,171,0,0,0,0,0,0,0,Arsenal
Trey Nyoni,eng ENG,MF,18,4,0,15,0,0,0,0,0,0,0,Liverpool
Christian Nørgaard,dk DEN,MF,32,6,0,61,0,0,0,0,0,0,0,Arsenal
Jake O'Brien,ie IRL,DF,24,29,27,2458,0,1,0,2,1,0,0.04,Everton
Luke O'Nien,eng ENG,DF,31,7,1,141,0,0,0,1,1,0,0,Sunderland
Matt O'Riley,dk DEN,MF,25,4,2,187,1,0,1,0,0,0.48,0,Brighton
Wilson Odobert,fr FRA,"MF,FW",21,24,10,985,0,2,0,0,0,0,0.18,Tottenham Hotspur
Noah Okafor,ch SUI,"FW,MF",25,23,15,1273,4,0,0,3,0,0.28,0,Leeds United
Callum Olusesi,eng ENG,MF,19,1,0,15,0,0,0,0,0,0,0,Tottenham Hotspur
Amadou Onana,be BEL,MF,24,21,18,1470,2,0,0,2,0,0.12,0,Aston Villa
Frank Onyeka,ng NGA,MF,28,6,0,92,0,1,0,0,0,0,0.98,Brentford
Nehemiah Oriola,eng ENG,MF,18,1,0,1,0,0,0,0,0,0,0,Brighton
Stefan Ortega,de GER,GK,33,3,3,270,0,0,0,0,0,0,0,Nottingham Forest
William Osula,dk DEN,FW,22,16,1,280,2,0,0,0,0,0.64,0,Newcastle United
Dango Ouattara,bf BFA,MF,24,24,19,1700,5,3,0,4,0,0.26,0.16,Brentford
Nico O’Reilly,eng ENG,"DF,MF",20,28,23,2133,4,3,0,4,0,0.17,0.13,Manchester City
Pablo,br BRA,MF,22,6,4,315,0,0,0,0,0,0,0,West Ham United
João Palhinha,pt POR,"MF,DF",30,26,19,1779,3,2,0,6,0,0.15,0.1,Tottenham Hotspur
Cole Palmer,eng ENG,"MF,FW",23,19,17,1327,9,1,5,4,0,0.61,0.07,Chelsea
Lucas Paquetá,br BRA,"MF,FW",28,18,18,1511,4,1,2,7,1,0.24,0.06,West Ham United
Nathan Patterson,sct SCO,DF,24,6,3,240,0,0,0,0,0,0,0,Everton
Myles Peart-Harris,eng ENG,MF,23,1,0,1,0,0,0,0,0,0,0,Brentford
Lucas Perri,br BRA,GK,28,16,16,1440,0,0,0,2,0,0,0,Leeds United
Đorđe Petrović,rs SRB,GK,26,30,30,2700,0,0,0,2,0,0,0,Bournemouth
Jordan Pickford,eng ENG,GK,32,30,30,2700,0,0,0,2,0,0,0,Everton
Ethan Pinnock,jm JAM,DF,32,3,3,228,0,0,0,1,0,0,0,Brentford
Yeremi Pino,es ESP,MF,23,27,21,1721,2,1,0,4,0,0.1,0.05,Crystal Palace
Joël Piroe,nl NED,FW,26,13,2,226,0,0,0,0,0,0,0,Leeds United
Nick Pope,eng ENG,GK,33,22,22,1966,0,0,0,1,0,0,0,Newcastle United
Pedro Porro,es ESP,DF,26,26,24,2076,0,2,0,6,0,0,0.09,Tottenham Hotspur
Freddie Potts,eng ENG,MF,22,19,11,1101,0,1,0,1,0,0,0.08,West Ham United
Aaron Ramsdale,eng ENG,GK,27,9,8,734,0,0,0,1,0,0,0,Newcastle United
Jacob Ramsey,eng ENG,MF,24,20,10,991,2,1,0,5,1,0.18,0.09,Newcastle United
David Raya,es ESP,GK,30,31,31,2790,0,0,0,1,0,0,0,Arsenal
Harrison Reed,eng ENG,MF,31,5,0,27,1,0,0,0,0,3.33,0,Fulham
Tijjani Reijnders,nl NED,MF,27,26,17,1496,5,2,0,2,0,0.3,0.12,Manchester City
Chadi Riad,ma MAR,DF,22,6,3,314,0,1,0,2,0,0,0.29,Crystal Palace
Declan Rice,eng ENG,MF,27,30,29,2581,4,5,0,2,0,0.14,0.17,Arsenal
Chris Richards,us USA,DF,25,26,26,2332,1,0,0,3,0,0.04,0,Crystal Palace
Richarlison,br BRA,FW,28,25,14,1445,9,3,0,5,0,0.56,0.19,Tottenham Hotspur
Chris Rigg,eng ENG,MF,18,12,7,468,0,0,0,0,0,0,0,Sunderland
Patrick Roberts,eng ENG,"FW,MF",29,1,0,28,0,0,0,0,0,0,0,Sunderland
Andrew Robertson,sct SCO,DF,32,18,6,760,0,0,0,0,0,0,0,Liverpool
Antonee Robinson,us USA,"DF,MF",28,14,11,984,0,0,0,2,0,0,0,Fulham
Kaden Rodney,eng ENG,"DF,MF",21,1,0,4,0,0,0,0,0,0,0,Crystal Palace
Joe Rodon,wls WAL,DF,28,28,28,2455,2,0,0,1,0,0.07,0,Leeds United
Rodri,es ESP,MF,29,18,14,1244,1,0,0,2,0,0.07,0,Manchester City
Guido Rodríguez,ar ARG,MF,31,6,2,180,0,0,0,1,0,0,0,West Ham United
Robin Roefs,nl NED,GK,23,28,28,2520,0,0,0,3,0,0,0,Sunderland
Morgan Rogers,eng ENG,"MF,FW",23,30,30,2677,8,5,0,6,0,0.27,0.17,Aston Villa
Merlin Röhl,de GER,MF,23,11,2,364,0,0,0,0,0,0,0,Everton
Cristian Romero,ar ARG,DF,27,21,20,1709,4,1,0,10,2,0.21,0.05,Tottenham Hotspur
James Rowswell,eng ENG,DF,19,1,0,1,0,0,0,0,0,0,0,Tottenham Hotspur
Georginio Rutter,fr FRA,"MF,FW",23,24,19,1595,2,2,0,2,0,0.11,0.11,Brighton
José Sá,pt POR,GK,33,19,19,1710,0,0,0,2,0,0,0,Wolves
Noah Sadiki,cd COD,MF,21,25,25,2202,0,0,0,6,0,0,0,Sunderland
Bukayo Saka,eng ENG,"FW,MF",24,27,22,1998,6,3,1,1,0,0.27,0.14,Arsenal
Mohamed Salah,eg EGY,"MF,FW",33,22,19,1819,5,6,1,1,0,0.25,0.3,Liverpool
William Saliba,fr FRA,DF,24,25,24,2074,1,0,0,1,0,0.04,0,Arsenal
Robert Sánchez,es ESP,GK,28,28,28,2434,0,1,0,3,1,0,0.04,Chelsea
Jadon Sancho,eng ENG,MF,25,18,7,697,0,1,0,0,0,0,0.13,Aston Villa
Ibrahim Sangaré,ci CIV,MF,28,22,20,1675,2,2,0,4,0,0.11,0.11,Nottingham Forest
Andrey Santos,br BRA,MF,21,22,10,975,0,0,0,4,0,0,0,Chelsea
Ismaila Sarr,sn SEN,"MF,FW",28,20,20,1725,7,1,2,2,0,0.37,0.05,Crystal Palace
Mamadou Sarr,sn SEN,DF,20,2,1,92,0,0,0,0,0,0,0,Chelsea
Sávio,br BRA,MF,21,17,5,573,0,1,0,2,0,0,0.16,Manchester City
Nicolò Savona,it ITA,DF,22,14,11,1028,2,0,0,2,0,0.18,0,Nottingham Forest
Oliver Scarles,eng ENG,"DF,MF",20,12,9,656,0,0,0,1,0,0,0,West Ham United
Dane Scarlett,eng ENG,FW,21,2,0,9,0,0,0,0,0,0,0,Tottenham Hotspur
Kevin Schade,de GER,"MF,FW",24,27,25,2130,7,3,0,6,1,0.3,0.13,Brentford
Fabian Schär,ch SUI,DF,34,16,11,1091,0,0,0,1,0,0,0,Newcastle United
Alex Scott,eng ENG,MF,22,30,27,2220,2,1,0,3,0,0.08,0.04,Bournemouth
Jenson Seelt,nl NED,DF,22,2,1,134,0,0,0,0,0,0,0,Sunderland
Matz Sels,be BEL,GK,34,23,22,1948,0,0,0,2,0,0,0,Nottingham Forest
Antoine Semenyo,gh GHA,"MF,FW",26,9,9,789,5,1,0,0,0,0.57,0.11,Manchester City
Antoine Semenyo,gh GHA,MF,26,20,20,1798,10,3,1,6,0,0.5,0.15,Bournemouth
Marcos Senesi,ar ARG,DF,28,29,29,2568,0,4,0,8,0,0,0.14,Bournemouth
Benjamin Šeško,si SVN,FW,22,25,13,1322,9,1,0,1,0,0.61,0.07,Manchester Utd
Ryan Sessegnon,eng ENG,"DF,MF",25,23,18,1611,2,1,0,0,0,0.11,0.06,Fulham
Luke Shaw,eng ENG,DF,30,30,30,2525,0,1,0,5,0,0,0.04,Manchester Utd
Bernardo Silva,pt POR,MF,31,30,26,2245,2,4,0,9,0,0.08,0.16,Manchester City
Jota Silva,pt POR,FW,26,1,0,12,0,0,0,0,0,0,0,Nottingham Forest
Xavi Simons,nl NED,"MF,FW",22,24,17,1573,1,4,0,4,1,0.06,0.23,Tottenham Hotspur
Adam Smith,eng ENG,DF,34,17,11,790,0,1,0,2,0,0,0.11,Bournemouth
Emile Smith Rowe,eng ENG,MF,25,29,16,1457,3,0,0,1,0,0.19,0,Fulham
Dominic Solanke,eng ENG,FW,28,11,7,692,3,0,0,1,0,0.39,0,Tottenham Hotspur
Julio Soler,ar ARG,DF,21,3,0,35,0,0,0,0,0,0,0,Bournemouth
Oliver Sonne,pe PER,DF,25,7,1,169,1,0,0,0,0,0.53,0,Burnley
Borna Sosa,hr CRO,"DF,MF",28,5,0,55,0,0,0,0,0,0,0,Crystal Palace
Tomáš Souček,cz CZE,MF,31,27,16,1516,4,0,0,2,1,0.24,0,West Ham United
Souza,br BRA,MF,19,4,2,144,0,0,0,1,0,0,0,Tottenham Hotspur
Djed Spence,eng ENG,"DF,MF",25,23,20,1763,0,0,0,4,0,0,0,Tottenham Hotspur
Anton Stach,de GER,MF,27,25,24,2046,4,3,0,3,0,0.18,0.13,Leeds United
John Stones,eng ENG,DF,31,7,4,353,0,0,0,0,0,0,0,Manchester City
Jørgen Strand Larsen,no NOR,FW,26,22,14,1404,1,1,1,2,0,0.06,0.06,Wolves
Jørgen Strand Larsen,no NOR,FW,26,6,6,466,3,0,0,2,0,0.58,0,Crystal Palace
Pascal Struijk,nl NED,DF,26,27,26,2349,0,1,0,3,0,0,0.04,Leeds United
Crysencio Summerville,nl NED,"MF,FW",24,24,22,1856,5,1,0,4,0,0.24,0.05,West Ham United
Dominik Szoboszlai,hu HUN,"MF,DF",25,28,28,2511,5,3,0,6,1,0.18,0.11,Liverpool
Jocelin Ta Bi,ci CIV,MF,21,1,1,38,0,0,0,0,0,0,0,Sunderland
Chemsdine Talbi,ma MAR,"MF,FW",20,22,13,1236,3,1,0,0,0,0.22,0.07,Sunderland
Ao Tanaka,jp JPN,MF,27,20,7,746,2,0,0,1,0,0.24,0,Leeds United
James Tarkowski,eng ENG,DF,33,29,29,2610,1,1,0,5,0,0.03,0.03,Everton
Marcus Tavernier,eng ENG,MF,26,26,23,2032,5,4,2,4,0,0.22,0.18,Bournemouth
Loum Tchaouna,fr FRA,"MF,FW",22,22,9,854,1,0,0,1,0,0.11,0,Burnley
Jackson Tchatchoua,cm CMR,"MF,DF",24,28,17,1705,0,1,0,3,0,0,0.05,Wolves
Mathys Tel,fr FRA,"MF,FW",20,23,8,840,3,0,0,0,0,0.32,0,Tottenham Hotspur
Kenny Tete,nl NED,DF,30,22,21,1791,1,0,0,2,0,0.05,0,Fulham
Thiago,br BRA,FW,24,30,29,2562,19,1,6,6,0,0.67,0.04,Brentford
Malick Thiaw,de GER,DF,24,27,26,2298,4,0,0,3,0,0.16,0,Newcastle United
Youri Tielemans,be BEL,MF,28,17,15,1298,0,4,0,0,0,0,0.28,Aston Villa
Jurriën Timber,nl NED,DF,24,30,28,2454,3,5,0,5,0,0.11,0.18,Arsenal
Jean-Clair Todibo,fr FRA,DF,26,20,20,1698,0,1,0,4,1,0,0.05,West Ham United
Sandro Tonali,it ITA,MF,25,29,25,2038,0,2,0,3,0,0,0.09,Newcastle United
Pau Torres,es ESP,DF,29,16,14,1298,0,0,0,0,0,0,0,Aston Villa
Alex Tóth,hu HUN,MF,20,4,1,74,0,0,0,1,0,0,0,Bournemouth
James Trafford,eng ENG,GK,23,3,3,270,0,0,0,0,0,0,0,Manchester City
Adama Traoré,es ESP,"FW,MF",30,6,0,46,0,0,0,1,0,0,0,West Ham United
Adama Traoré,es ESP,MF,30,15,1,274,0,0,0,0,0,0,0,Fulham
Bertrand Traoré,bf BFA,"MF,FW",30,12,9,632,1,0,0,1,0,0.14,0,Sunderland
Mike Trésor,be BEL,"FW,MF",26,4,0,23,0,0,0,0,0,0,0,Burnley
Kieran Trippier,eng ENG,DF,35,17,16,1392,0,1,0,3,0,0,0.06,Newcastle United
Leandro Trossard,be BEL,"FW,MF",31,26,18,1677,5,5,0,1,0,0.27,0.27,Arsenal
Adrien Truffert,fr FRA,DF,24,30,30,2659,0,2,0,3,0,0,0.07,Bournemouth
Axel Tuanzebe,cd COD,DF,28,11,11,931,1,0,0,1,0,0.1,0,Burnley
Stefanos Tzimas,gr GRE,FW,20,9,1,139,1,1,0,0,0,0.65,0.65,Brighton
Christantus Uche,ng NGA,FW,22,14,0,173,0,0,0,0,0,0,0,Crystal Palace
Destiny Udogie,it ITA,"DF,MF",23,13,8,798,0,1,0,2,0,0,0.11,Tottenham Hotspur
Manuel Ugarte,uy URU,MF,24,20,7,788,0,0,0,1,0,0,0,Manchester Utd
Lesley Ugochukwu,fr FRA,MF,21,29,22,1900,3,1,0,3,1,0.14,0.05,Burnley
Enes Ünal,tr TUR,FW,28,17,0,186,1,0,0,1,0,0.48,0,Bournemouth
Hákon Valdimarsson,is ISL,GK,24,1,1,90,0,0,0,0,0,0,0,Brentford
Virgil van Dijk,nl NED,DF,34,30,30,2700,3,0,0,4,0,0.1,0,Liverpool
Joël Veltman,nl NED,DF,34,18,8,849,1,0,0,4,0,0.11,0,Brighton
Micky van de Ven,nl NED,DF,24,27,27,2366,4,1,0,7,1,0.15,0.04,Tottenham Hotspur
Bart Verbruggen,nl NED,GK,23,30,30,2700,0,0,0,3,0,0,0,Brighton
Guglielmo Vicario,it ITA,GK,29,30,30,2700,0,0,0,1,0,0,0,Tottenham Hotspur
Rayan Vitor,br BRA,MF,19,7,6,537,2,1,0,1,0,0.34,0.17,Bournemouth
Kyle Walker,eng ENG,"DF,MF",35,28,28,2461,0,2,0,8,0,0,0.07,Burnley
Kyle Walker-Peters,eng ENG,DF,28,18,10,959,1,0,0,2,0,0.09,0,West Ham United
Aaron Wan-Bissaka,cd COD,"DF,MF",28,21,20,1821,0,2,0,3,0,0,0.1,West Ham United
James Ward-Prowse,eng ENG,MF,31,5,5,413,0,0,0,0,0,0,0,West Ham United
James Ward-Prowse,eng ENG,MF,31,5,2,240,0,1,0,0,0,0,0.37,Burnley
Ollie Watkins,eng ENG,FW,30,29,26,2207,8,1,0,3,0,0.33,0.04,Aston Villa
Tom Watson,eng ENG,MF,19,6,0,62,0,0,0,1,0,0,0,Brighton
Danny Welbeck,eng ENG,FW,35,29,19,1744,10,0,1,4,0,0.52,0,Brighton
Adam Wharton,eng ENG,MF,22,27,26,2163,0,5,0,6,1,0,0.21,Crystal Palace
Ben White,eng ENG,DF,28,7,5,411,0,1,0,0,0,0,0.22,Arsenal
Mats Wieffer,nl NED,DF,26,20,17,1481,0,3,0,6,0,0,0.18,Brighton
Neco Williams,wls WAL,DF,24,29,29,2528,1,1,0,5,1,0.04,0.04,Nottingham Forest
Estêvão Willian,br BRA,"MF,FW",18,19,10,746,2,2,0,3,0,0.24,0.24,Chelsea
Joe Willock,eng ENG,MF,26,19,7,677,0,1,0,3,0,0,0.13,Newcastle United
Callum Wilson,eng ENG,"FW,MF",34,24,10,1004,5,1,0,0,0,0.45,0.09,West Ham United
Harry Wilson,wls WAL,MF,28,28,26,2173,9,6,0,6,0,0.37,0.25,Fulham
Ben Winterburn,eng ENG,MF,21,1,0,7,0,0,0,0,0,0,0,Bournemouth
Florian Wirtz,de GER,MF,22,26,22,1914,4,2,0,1,0,0.19,0.09,Liverpool
Yoane Wissa,cd COD,FW,29,12,4,429,1,0,0,1,0,0.21,0,Newcastle United
Nick Woltemade,de GER,"FW,MF",24,26,20,1600,7,2,1,0,0,0.39,0.11,Newcastle United
Chris Wood,nz NZL,FW,34,8,7,540,2,0,0,0,0,0.33,0,Nottingham Forest
Joe Worrall,eng ENG,DF,29,11,5,500,0,0,0,0,0,0,0,Burnley
Granit Xhaka,ch SUI,MF,33,26,24,2184,1,5,0,5,0,0.04,0.21,Sunderland
Yehor Yarmoliuk,ua UKR,MF,22,30,23,2043,1,2,0,7,0,0.04,0.09,Brentford
Ryan Yates,eng ENG,MF,28,15,1,394,0,1,0,1,0,0,0.23,Nottingham Forest
Leny Yoro,fr FRA,DF,20,27,16,1525,0,0,0,1,0,0,0,Manchester Utd
Oleksandr Zinchenko,ua UKR,DF,29,5,4,353,0,0,0,0,0,0,0,Nottingham Forest
Joshua Zirkzee,nl NED,"FW,MF",24,18,4,523,2,1,0,1,0,0.34,0.17,Manchester Utd
Martín Zubimendi,es ESP,MF,27,31,30,2596,5,1,0,4,0,0.17,0.03,Arsenal
Martin Ødegaard,no NOR,MF,27,20,13,1076,1,5,0,0,0,0.08,0.42,Arsenal